{"homePositions":[{"x":-1.8609999418258668,"y":-1.8700000047683716},{"x":-1.8609999418258668,"y":-1.3600000143051148},{"x":-1.3509999513626099,"y":-1.3600000143051148},{"x":-1.3509999513626099,"y":-1.8700000047683716}]}