{"homePositions":[{"x":-1.86899995803833,"y":1.3569999933242798},{"x":-1.86899995803833,"y":1.8669999837875367},{"x":-1.3589999675750733,"y":1.8669999837875367},{"x":-1.3589999675750733,"y":1.3569999933242798}]}