{"homePositions":[{"x":1.3580000400543213,"y":1.3569999933242798},{"x":1.3580000400543213,"y":1.8669999837875367},{"x":1.8680000305175782,"y":1.8669999837875367},{"x":1.8680000305175782,"y":1.3569999933242798}]}