{"homePositions":[{"x":1.3609999418258668,"y":-1.8700000047683716},{"x":1.3610000610351563,"y":-1.3600000143051148},{"x":1.871000051498413,"y":-1.3600000143051148},{"x":1.871000051498413,"y":-1.8700000047683716}]}